{"BWI":[[39.1669,-76.6714,0,39.1807,-76.6598,0,"BWI 04/22"],[39.1747,-76.6896,0,39.1726,-76.6527,0,"BWI 10/28"],[39.1874,-76.6635,0,39.1762,-76.6532,0,"BWI 15L/33R"],[39.1854,-76.682,0,39.1642,-76.6624,0,"BWI 15R/33L"]],"DCA":[[38.8424,-77.0368,0,38.8612,-77.0387,0,"DCA 01/19"],[38.8423,-77.0408,0,38.8544,-77.0333,0,"DCA 04/22"],[38.8617,-77.0438,0,38.8503,-77.0327,0,"DCA 15/33"]],"IAD":[[38.9391,-77.4598,0,38.9706,-77.4593,0,"IAD 01C/19C"],[38.945,-77.47482,0,38.97078,-77.47445,0,"IAD 01L/19R"],[38.9238,-77.4364,0,38.9553,-77.436,0,"IAD 01R/19L"],[38.9438,-77.4904,0,38.9336,-77.4559,0,"IAD 12/30"]],"MDW":[[41.7814,-87.7612,0,41.7923,-87.7473,0,"MDW 04L/22R"],[41.7792,-87.7593,0,41.792,-87.7431,0,"MDW 04R/22L"],[41.7916,-87.7611,0,41.7792,-87.7437,0,"MDW 13L/31R"],[41.7923,-87.7579,0,41.7826,-87.7443,0,"MDW 13LC/31RC"],[41.7881,-87.7588,0,41.7808,-87.7486,0,"MDW 13R/31L"]],"ORD":[[41.9817,-87.9139,0,41.9975,-87.8964,0,"ORD 04L/22R"],[41.9533,-87.8994,0,41.9699,-87.8798,0,"ORD 04R/22L"],[41.98831,-87.93158,0,41.98833,-87.89021,0,"ORD 09C/27C"],[42.00283,-87.92667,0,42.00283,-87.89909,0,"ORD 09L/27R"],[41.9839,-87.91835,0,41.9839,-87.88905,0,"ORD 09R/27L"],[41.9657,-87.9315,0,41.9657,-87.8918,0,"ORD 10C/28C"],[41.969,-87.9315,0,41.9691,-87.8837,0,"ORD 10L/28R"],[41.9572,-87.9279,0,41.95724,-87.90029,0,"ORD 10R/28L"],[42.0024,-87.9154,0,41.9814,-87.8917,0,"ORD 14L/32R"],[41.9904,-87.9331,0,41.9701,-87.9102,0,"ORD 15/33"],[41.9974,-87.9004,0,41.9828,-87.9004,0,"ORD 18/36"]],"SFO":[[37.609,-122.382,0,37.6272,-122.37,0,"SFO 01L/19R"],[37.6068,-122.381,0,37.6278,-122.367,0,"SFO 01R/19L"],[37.6287,-122.393,0,37.6135,-122.357,0,"SFO 10L/28R"],[37.6253,-122.391,0,37.6117,-122.358,0,"SFO 10R/28L"]],"SJC":[[37.3659,-121.937,0,37.3564,-121.926,0,"SJC 11/29"],[37.375,-121.94,0,37.3523,-121.915,0,"SJC 12L/30R"],[37.3737,-121.942,0,37.351,-121.917,0,"SJC 12R/30L"]],"CCU":[[22.6402,88.444,0,22.6617,88.4465,0,"CCU 01L/19R"],[22.6422,88.4463,0,22.6748,88.4501,0,"CCU 01R/19L"]],"DEL":[[28.5705,77.088,0,28.5698,77.117,0,"DEL 09/27"],[28.5672,77.0848,0,28.5585,77.1225,0,"DEL 10/28"],[28.55013,77.06818,0,28.54075,77.11188,0,"DEL 11L/29R"],[28.54717,77.06549,0,28.53773,77.10953,0,"DEL 11R/29L"]]}